Series Name,Series Code,Country Name,Country Code,1990 [YR1990],2000 [YR2000],2012 [YR2012],2013 [YR2013],2014 [YR2014],2015 [YR2015],2016 [YR2016],2017 [YR2017],2018 [YR2018],2019 [YR2019],2020 [YR2020],2021 [YR2021]
Bank non-performing loans to gross loans (%),GFDD.SI.02,East Asia & Pacific (IDA total),DEA,..,..,..,..,..,..,..,..,..,..,..,..
Bank non-performing loans to gross loans (%),GFDD.SI.02,Europe & Central Asia (IDA total),DEC,..,..,..,..,..,..,..,..,..,..,..,..
Bank non-performing loans to gross loans (%),GFDD.SI.02,IBRD only,IBD,..,..,..,..,..,..,..,..,..,..,..,..
Bank non-performing loans to gross loans (%),GFDD.SI.02,IDA total,IDA,..,..,..,..,..,..,..,..,..,..,..,..
Bank non-performing loans to gross loans (%),GFDD.SI.02,Latin America & Caribbean (IDA total),DLA,..,..,..,..,..,..,..,..,..,..,..,..
Bank non-performing loans to gross loans (%),GFDD.SI.02,Least developed countries: UN classification,LDC,..,..,..,..,..,..,..,..,..,..,..,..
Bank non-performing loans to gross loans (%),GFDD.SI.02,Middle East & North Africa (IDA total),DMN,..,..,..,..,..,..,..,..,..,..,..,..
Bank non-performing loans to gross loans (%),GFDD.SI.02,Small island developing states: UN classification,SID,..,..,..,..,..,..,..,..,..,..,..,..
Bank non-performing loans to gross loans (%),GFDD.SI.02,South Asia (IDA total),DSA,..,..,..,..,..,..,..,..,..,..,..,..
Bank non-performing loans to gross loans (%),GFDD.SI.02,Sub-Saharan Africa (IDA total),DSS,..,..,..,..,..,..,..,..,..,..,..,..
Bank non-performing loans to gross loans (%),GFDD.SI.02,Afghanistan,AFG,..,..,..,..,..,..,..,..,..,..,..,..
Bank non-performing loans to gross loans (%),GFDD.SI.02,Albania,ALB,..,..,22.493897,23.492778,22.802734,18.168574,18.269952,13.232533,11.084582,8.368958,8.1138999,..
Bank non-performing loans to gross loans (%),GFDD.SI.02,Algeria,DZA,..,..,11.726381,10.563971,9.9349605,9.7673454,12.089159,12.958502,12.697401,..,..,..
Bank non-performing loans to gross loans (%),GFDD.SI.02,Andorra,AND,..,..,..,..,..,..,..,..,..,..,..,..
Bank non-performing loans to gross loans (%),GFDD.SI.02,Angola,AGO,..,..,..,..,..,..,..,..,..,..,..,..
Bank non-performing loans to gross loans (%),GFDD.SI.02,Antigua and Barbuda,ATG,..,..,..,..,..,..,..,..,..,..,..,..
Bank non-performing loans to gross loans (%),GFDD.SI.02,Argentina,ARG,..,16,1.7345487,1.7325824,1.9900644,1.7368418,1.8366055,1.8303637,3.1085722,5.7484931,3.8612578,..
Bank non-performing loans to gross loans (%),GFDD.SI.02,Armenia,ARM,..,17.5,3.6692222,4.4853389,6.9697504,7.9497167,6.7241113,5.4323178,4.7543983,5.5066658,6.5548157,..
Bank non-performing loans to gross loans (%),GFDD.SI.02,Aruba,ABW,..,..,..,..,..,..,..,..,..,..,..,..
Bank non-performing loans to gross loans (%),GFDD.SI.02,Australia,AUS,..,0.5,1.7018915,1.3651749,1.0138445,0.8887255,0.94767635,0.85701375,0.90185519,0.96149316,1.1077827,..
Bank non-performing loans to gross loans (%),GFDD.SI.02,Austria,AUT,..,2.4000001,2.8133648,2.8665417,3.4733743,3.3928373,2.6952174,2.3688954,1.8824286,1.6286214,1.576781,..
Bank non-performing loans to gross loans (%),GFDD.SI.02,Azerbaijan,AZE,..,..,5.6799998,4.4899998,4.3800001,5.25,..,..,..,..,..,..
Bank non-performing loans to gross loans (%),GFDD.SI.02,"Bahamas, The",BHS,..,..,..,..,..,..,..,..,..,..,..,..
Bank non-performing loans to gross loans (%),GFDD.SI.02,Bahrain,BHR,..,..,5.8374729,5.5958228,4.6209617,4.4071999,..,..,..,..,..,..
Bank non-performing loans to gross loans (%),GFDD.SI.02,Bangladesh,BGD,..,34.900002,9.7280756,8.6418517,9.3651694,8.3979043,8.8585256,8.8956601,9.8873297,8.9021334,7.7375487,..
Bank non-performing loans to gross loans (%),GFDD.SI.02,Barbados,BRB,..,..,..,..,..,..,..,..,..,..,..,..
Bank non-performing loans to gross loans (%),GFDD.SI.02,Belarus,BLR,..,10.8,5.501874,4.4473314,4.371304,6.834948,12.791174,12.852194,5.0102862,4.6278781,4.8292427,..
Bank non-performing loans to gross loans (%),GFDD.SI.02,Belgium,BEL,..,2.8,3.7382545,4.2449774,4.1756921,3.7893514,3.4320333,2.9247935,2.2682657,2.0870692,2.0699581,..
Bank non-performing loans to gross loans (%),GFDD.SI.02,Belize,BLZ,..,..,..,..,..,..,..,..,..,..,..,..
Bank non-performing loans to gross loans (%),GFDD.SI.02,Benin,BEN,..,..,..,..,..,..,..,..,..,..,..,..
Bank non-performing loans to gross loans (%),GFDD.SI.02,Bermuda,BMU,..,..,..,..,..,..,..,..,..,..,..,..
Bank non-performing loans to gross loans (%),GFDD.SI.02,Bhutan,BTN,..,..,5.4368227,6.9524983,6.7521584,6.5941684,7.1867458,8.4173084,7.0280449,8.446604,..,..
Bank non-performing loans to gross loans (%),GFDD.SI.02,Bolivia,BOL,..,10.3,1.5,1.5,1.5,1.6,..,..,..,..,..,..
Bank non-performing loans to gross loans (%),GFDD.SI.02,Bosnia and Herzegovina,BIH,..,9.8999996,13.465688,15.119848,14.165312,13.708416,11.777719,10.046275,8.7703355,7.4116571,6.1224022,..
Bank non-performing loans to gross loans (%),GFDD.SI.02,Botswana,BWA,..,1.7,2.6206081,3.6134301,3.5494549,3.7343552,4.8526413,5.276903,5.4263192,4.7879742,4.3234394,..
Bank non-performing loans to gross loans (%),GFDD.SI.02,Brazil,BRA,..,8.3000002,3.4468234,2.8572823,2.8548,3.311788,3.9166391,3.585719,3.0530583,3.1106361,2.2427001,..
Bank non-performing loans to gross loans (%),GFDD.SI.02,British Virgin Islands,VGB,..,..,..,..,..,..,..,..,..,..,..,..
Bank non-performing loans to gross loans (%),GFDD.SI.02,Brunei Darussalam,BRN,..,..,5.3761576,4.525302,3.8505942,3.9983518,4.7488988,3.6610092,4.6698507,3.8994987,3.872777,..
Bank non-performing loans to gross loans (%),GFDD.SI.02,Bulgaria,BGR,..,17.299999,16.626321,16.878521,16.746529,14.612051,13.173066,10.434453,7.8015618,6.6212994,5.798352,..
Bank non-performing loans to gross loans (%),GFDD.SI.02,Burkina Faso,BFA,..,..,..,..,..,..,..,..,..,..,..,..
Bank non-performing loans to gross loans (%),GFDD.SI.02,Burundi,BDI,..,..,8.1682854,9.886952,10.822915,17.916697,21.056519,14.190085,12.696159,..,..,..
Bank non-performing loans to gross loans (%),GFDD.SI.02,Cabo Verde,CPV,..,..,..,..,..,..,..,..,..,..,..,..
Bank non-performing loans to gross loans (%),GFDD.SI.02,Cambodia,KHM,..,..,2.2246901,2.3026777,1.6213391,1.59274,2.1306306,2.0724775,1.9896209,1.5538399,1.8186254,..
Bank non-performing loans to gross loans (%),GFDD.SI.02,Cameroon,CMR,..,..,11.552801,10.295331,9.701687,9.315177,10.651872,10.835904,12.392719,12.810483,13.286888,..
Bank non-performing loans to gross loans (%),GFDD.SI.02,Canada,CAN,..,1.3,0.65115289,0.5749182,0.51787859,0.51659629,0.59605094,0.44946104,0.50521419,0.50340546,0.53331476,..
Bank non-performing loans to gross loans (%),GFDD.SI.02,Cayman Islands,CYM,..,..,..,..,..,..,..,..,..,..,..,..
Bank non-performing loans to gross loans (%),GFDD.SI.02,Central African Republic,CAF,..,..,9.5829832,28.501587,27.662167,30.864752,25.61075,22.938161,15.591154,12.582744,13.058073,..
Bank non-performing loans to gross loans (%),GFDD.SI.02,Chad,TCD,..,..,7.3739281,9.7771814,11.737764,17.010794,20.877715,25.810191,28.626247,22.857578,22.579807,..
Bank non-performing loans to gross loans (%),GFDD.SI.02,Channel Islands,CHI,..,..,..,..,..,..,..,..,..,..,..,..
Bank non-performing loans to gross loans (%),GFDD.SI.02,Chile,CHL,..,1.7,2.1571518,2.1054329,2.0596653,1.8746633,1.8326362,1.9163625,1.8720146,2.0550492,1.5529892,..
Bank non-performing loans to gross loans (%),GFDD.SI.02,China,CHN,..,22.4,0.95367433,0.99970281,1.2487334,1.6738802,1.7444793,1.7443546,1.8329488,1.8617549,1.8396197,..
Bank non-performing loans to gross loans (%),GFDD.SI.02,Colombia,COL,..,11,2.7584413,2.7719927,2.9152608,2.8476728,3.1245365,4.1797815,4.4003755,4.1744055,4.8022308,..
Bank non-performing loans to gross loans (%),GFDD.SI.02,Comoros,COM,..,..,..,..,..,..,..,..,..,..,..,..
Bank non-performing loans to gross loans (%),GFDD.SI.02,"Congo, Dem. Rep.",COD,..,..,..,..,..,..,..,..,..,..,..,..
Bank non-performing loans to gross loans (%),GFDD.SI.02,"Congo, Rep.",COG,..,..,1.5193151,1.2248755,2.5060634,3.5725797,4.8477355,13.290132,18.197471,23.073929,24.751815,..
Bank non-performing loans to gross loans (%),GFDD.SI.02,Costa Rica,CRI,..,3.5,1.7451562,1.7486117,1.5529506,1.6641784,1.5532381,2.0532816,2.1177312,2.3952961,2.4299215,..
Bank non-performing loans to gross loans (%),GFDD.SI.02,Cote d'Ivoire,CIV,..,..,..,..,..,..,..,..,..,..,..,..
Bank non-performing loans to gross loans (%),GFDD.SI.02,Croatia,HRV,..,9.5,13.759553,15.43037,16.706097,16.330256,13.609361,11.201542,9.7069219,6.9896316,7.1776003,..
Bank non-performing loans to gross loans (%),GFDD.SI.02,Cuba,CUB,..,..,..,..,..,..,..,..,..,..,..,..
Bank non-performing loans to gross loans (%),GFDD.SI.02,Curaçao,CUW,..,..,..,..,..,..,..,..,..,..,..,..
Bank non-performing loans to gross loans (%),GFDD.SI.02,Cyprus,CYP,..,..,18.374946,38.55704,44.972073,47.747846,36.699118,31.388895,19.52051,17.093104,15.019084,..
Bank non-performing loans to gross loans (%),GFDD.SI.02,Czech Republic,CZE,..,29.299999,5.239479,5.1972813,5.6074178,5.4840519,4.594898,3.7417204,3.1401173,2.7028243,2.9569782,..
Bank non-performing loans to gross loans (%),GFDD.SI.02,Denmark,DNK,..,..,5.9505178,4.6181437,4.4007907,3.6862359,3.2101233,2.2942915,1.7103049,1.7151032,1.8160017,..
Bank non-performing loans to gross loans (%),GFDD.SI.02,Djibouti,DJI,..,..,11.534366,15.336853,18.729668,19.954887,22.473306,16.521317,18.060113,16.036584,13.250663,..
Bank non-performing loans to gross loans (%),GFDD.SI.02,Dominica,DMA,..,..,..,..,..,..,..,..,..,..,..,..
Bank non-performing loans to gross loans (%),GFDD.SI.02,Dominican Republic,DOM,..,2.5999999,3.4548601,2.2517968,1.5364899,1.7259499,1.7369883,1.9065863,1.6176697,1.5534851,..,..
Bank non-performing loans to gross loans (%),GFDD.SI.02,Ecuador,ECU,..,31,3.7560213,3.5571468,3.5837123,4.4040642,3.9643297,3.3094819,2.949234,3.1512836,..,..
Bank non-performing loans to gross loans (%),GFDD.SI.02,"Egypt, Arab Rep.",EGY,..,13.6,9.8000002,9.3000002,8.5,7.1999998,..,..,..,..,..,..
Bank non-performing loans to gross loans (%),GFDD.SI.02,El Salvador,SLV,..,..,2.8263621,2.2919826,2.3074534,2.254072,2.0810881,1.8941929,1.8461731,1.7204573,1.5705612,..
Bank non-performing loans to gross loans (%),GFDD.SI.02,Equatorial Guinea,GNQ,..,..,5.767751,20.130226,19.735179,16.799028,24.641872,27.203316,36.677505,48.812769,..,..
Bank non-performing loans to gross loans (%),GFDD.SI.02,Eritrea,ERI,..,..,..,..,..,..,..,..,..,..,..,..
Bank non-performing loans to gross loans (%),GFDD.SI.02,Estonia,EST,..,1,2.6226666,1.4746223,1.3882361,0.98187369,0.86976801,0.69839149,0.45303614,0.36087432,0.34689256,..
Bank non-performing loans to gross loans (%),GFDD.SI.02,Eswatini,SWZ,..,..,10.670756,6.7934224,6.8706879,6.6302717,9.6210507,7.9168345,9.3155187,9.4459371,7.6896984,..
Bank non-performing loans to gross loans (%),GFDD.SI.02,Ethiopia,ETH,..,..,..,..,..,..,..,3.4128643,3.5605232,2.6717358,3.4297719,..
Bank non-performing loans to gross loans (%),GFDD.SI.02,Faroe Islands,FRO,..,..,..,..,..,..,..,..,..,..,..,..
Bank non-performing loans to gross loans (%),GFDD.SI.02,Fiji,FJI,..,..,4.1852075,2.6878597,2.1565035,1.4481914,2.2368731,2.4244607,3.0892567,3.8383513,4.2900321,..
Bank non-performing loans to gross loans (%),GFDD.SI.02,Finland,FIN,..,0.60000002,..,..,1.2970262,1.3418243,1.5168127,1.6716213,1.4255728,1.3904016,1.4517332,..
Bank non-performing loans to gross loans (%),GFDD.SI.02,France,FRA,..,5,4.2945233,4.4954341,4.1624993,4.0452543,3.7027591,3.1235957,2.7483416,2.4731437,2.705339,..
Bank non-performing loans to gross loans (%),GFDD.SI.02,French Polynesia,PYF,..,..,..,..,..,..,..,..,..,..,..,..
Bank non-performing loans to gross loans (%),GFDD.SI.02,Gabon,GAB,..,6.5999999,2.5498062,2.7424009,4.0670321,5.2591993,10.651872,10.835904,12.392719,12.810483,8.167596,..
Bank non-performing loans to gross loans (%),GFDD.SI.02,"Gambia, The",GMB,..,..,..,..,..,..,..,..,..,..,..,..
Bank non-performing loans to gross loans (%),GFDD.SI.02,Georgia,GEO,..,..,3.6802555,3.0317161,3.0270644,2.7114511,3.446975,2.7788,2.6788683,1.9284096,2.2674383,..
Bank non-performing loans to gross loans (%),GFDD.SI.02,Germany,DEU,..,4.6999998,2.86,2.7,2.34,1.97,1.71,1.5,1.24,1.05,..,..
Bank non-performing loans to gross loans (%),GFDD.SI.02,Ghana,GHA,..,11.9,13.196671,11.998935,11.269173,14.673617,17.294401,21.591249,18.187153,13.941911,14.815376,..
Bank non-performing loans to gross loans (%),GFDD.SI.02,Gibraltar,GIB,..,..,..,..,..,..,..,..,..,..,..,..
Bank non-performing loans to gross loans (%),GFDD.SI.02,Greece,GRC,..,12.3,23.270389,31.898938,33.775271,36.647436,36.298666,45.57232,41.987867,36.44854,26.978044,..
Bank non-performing loans to gross loans (%),GFDD.SI.02,Greenland,GRL,..,..,..,..,..,..,..,..,..,..,..,..
Bank non-performing loans to gross loans (%),GFDD.SI.02,Grenada,GRD,..,..,11.77,13.8,14.63,..,..,..,..,..,..,..
Bank non-performing loans to gross loans (%),GFDD.SI.02,Guam,GUM,..,..,..,..,..,..,..,..,..,..,..,..
Bank non-performing loans to gross loans (%),GFDD.SI.02,Guatemala,GTM,..,..,1.3445397,1.1931253,1.2877549,1.347323,2.0547544,2.3239982,2.176221,2.201272,1.8300875,..
Bank non-performing loans to gross loans (%),GFDD.SI.02,Guinea,GIN,..,..,..,6.2023356,6.0462071,6.0717533,9.4423447,10.675586,11.555066,9.899027,9.3796823,..
Bank non-performing loans to gross loans (%),GFDD.SI.02,Guinea-Bissau,GNB,..,..,..,..,..,..,..,..,..,..,..,..
Bank non-performing loans to gross loans (%),GFDD.SI.02,Guyana,GUY,..,..,..,..,..,..,..,..,..,..,..,..
Bank non-performing loans to gross loans (%),GFDD.SI.02,Haiti,HTI,..,..,..,..,..,..,..,..,..,..,..,..
Bank non-performing loans to gross loans (%),GFDD.SI.02,Honduras,HND,..,10.6,3.2872032,3.3933599,3.2708024,3.056321,2.9212039,2.3628317,2.1452244,2.262165,3.0694204,..
Bank non-performing loans to gross loans (%),GFDD.SI.02,"Hong Kong SAR, China",HKG,..,7.3000002,0.6,0.54,0.51,0.73,0.85431809,0.66892575,0.5469708,0.56803224,0.90237353,..
Bank non-performing loans to gross loans (%),GFDD.SI.02,Hungary,HUN,..,3,16.042829,16.825728,15.621527,11.663126,7.4235621,4.167788,2.4652996,1.5091188,0.93471375,..
Bank non-performing loans to gross loans (%),GFDD.SI.02,Iceland,ISL,..,1.5,..,..,..,5.8522569,4.1227981,2.8640995,2.5132964,2.9280245,2.9021704,..
Bank non-performing loans to gross loans (%),GFDD.SI.02,India,IND,..,12.8,3.3739539,4.0277286,4.3458498,5.8835223,9.1855195,9.98,9.4609569,9.234429,7.9388307,..
Bank non-performing loans to gross loans (%),GFDD.SI.02,Indonesia,IDN,..,34.400002,1.7733819,1.6867668,2.0668175,2.4310425,2.8963491,2.5570048,2.2920825,2.4327436,2.7506008,..
Bank non-performing loans to gross loans (%),GFDD.SI.02,"Iran, Islamic Rep.",IRN,..,..,..,..,..,..,..,..,..,..,..,..
Bank non-performing loans to gross loans (%),GFDD.SI.02,Iraq,IRQ,..,..,..,..,..,..,..,..,..,..,..,..
Bank non-performing loans to gross loans (%),GFDD.SI.02,Ireland,IRL,..,1,24.987679,25.708588,20.648804,14.93488,13.610062,11.458923,5.7296425,3.3638371,3.5406366,..
Bank non-performing loans to gross loans (%),GFDD.SI.02,Isle of Man,IMN,..,..,..,..,..,..,..,..,..,..,..,..
Bank non-performing loans to gross loans (%),GFDD.SI.02,Israel,ISR,..,6.9000001,3.5010063,2.8608375,2.1510765,1.8447861,1.6051082,1.2906601,1.227197,1.3880091,1.4759949,..
Bank non-performing loans to gross loans (%),GFDD.SI.02,Italy,ITA,..,7.8000002,13.74637,16.542706,18.033047,18.064369,17.116239,14.383299,8.3862832,6.7491844,4.3597207,..
Bank non-performing loans to gross loans (%),GFDD.SI.02,Jamaica,JAM,..,11,..,..,..,..,..,..,..,..,..,..
Bank non-performing loans to gross loans (%),GFDD.SI.02,Japan,JPN,..,5.3000002,2.4288916,2.1290902,1.7464563,1.5336,1.3967698,1.191848,1.0733867,1.11,1.14,..
Bank non-performing loans to gross loans (%),GFDD.SI.02,Jordan,JOR,..,18.4,..,..,..,5.7676894,5.4553063,5.2651866,5.3854511,5.6712586,..,..
Bank non-performing loans to gross loans (%),GFDD.SI.02,Kazakhstan,KAZ,..,..,19.389867,19.470831,12.392143,7.9525406,6.7183522,9.3097681,7.3853829,8.1426394,8.3507847,..
Bank non-performing loans to gross loans (%),GFDD.SI.02,Kenya,KEN,..,33.299999,4.5942296,5.0464177,5.4551197,5.9887641,11.66126,9.9491283,11.69122,12.014092,14.138663,..
Bank non-performing loans to gross loans (%),GFDD.SI.02,Kiribati,KIR,..,..,..,..,..,..,..,..,..,..,..,..
Bank non-performing loans to gross loans (%),GFDD.SI.02,"Korea, Dem. Rep.",PRK,..,..,..,..,..,..,..,..,..,..,..,..
Bank non-performing loans to gross loans (%),GFDD.SI.02,"Korea, Rep.",KOR,..,8.8999996,0.5942918,0.57068216,0.48782902,0.45685901,0.46922079,0.35236143,0.25443574,0.25114939,0.23639452,..
Bank non-performing loans to gross loans (%),GFDD.SI.02,Kosovo,XKX,..,..,..,..,..,..,..,..,..,..,..,..
Bank non-performing loans to gross loans (%),GFDD.SI.02,Kuwait,KWT,..,19.200001,5.1999998,3.5999999,2.9000001,2.8,..,..,..,..,..,..
Bank non-performing loans to gross loans (%),GFDD.SI.02,Kyrgyz Republic,KGZ,..,..,7.1999998,5.5,4.5,7.0999999,..,..,..,..,..,..
Bank non-performing loans to gross loans (%),GFDD.SI.02,Lao PDR,LAO,..,..,..,..,..,..,..,..,..,..,..,..
Bank non-performing loans to gross loans (%),GFDD.SI.02,Latvia,LVA,..,4.5999999,8.7237917,6.4070405,4.5977375,4.6446544,6.2557443,5.5069776,5.288402,5.0015714,3.0913758,..
Bank non-performing loans to gross loans (%),GFDD.SI.02,Lebanon,LBN,..,7.8000002,3.7869763,3.9655306,4.008041,4.1952847,4.8790835,5.6661917,10.255207,15.193751,23.819353,..
Bank non-performing loans to gross loans (%),GFDD.SI.02,Lesotho,LSO,..,..,2.4647735,3.7868197,4.2292561,4.0377922,3.6944119,4.4164002,3.6604649,3.2990574,4.1990843,..
Bank non-performing loans to gross loans (%),GFDD.SI.02,Liberia,LBR,..,..,..,..,..,..,..,..,..,..,..,..
Bank non-performing loans to gross loans (%),GFDD.SI.02,Libya,LBY,..,..,..,..,..,..,..,..,..,..,..,..
Bank non-performing loans to gross loans (%),GFDD.SI.02,Liechtenstein,LIE,..,..,..,..,..,..,..,..,..,..,..,..
Bank non-performing loans to gross loans (%),GFDD.SI.02,Lithuania,LTU,..,11.3,14.801694,11.586029,8.1860501,4.9495691,3.6606462,3.1770958,2.2701487,1.0443855,0.99147834,..
Bank non-performing loans to gross loans (%),GFDD.SI.02,Luxembourg,LUX,..,0.5,0.14558849,0.21316441,..,..,0.90484428,0.791205,0.89696633,0.73889754,1.028041,..
Bank non-performing loans to gross loans (%),GFDD.SI.02,"Macao SAR, China",MAC,..,..,0.18725945,0.09233531,0.11844461,0.11984371,0.19561868,0.22748698,0.217152,0.23974335,0.34755154,..
Bank non-performing loans to gross loans (%),GFDD.SI.02,Madagascar,MDG,..,8.6000004,11.125741,11.625851,10.119648,9.0069564,8.3638932,7.6726212,7.2696922,7.2064714,7.6304921,..
Bank non-performing loans to gross loans (%),GFDD.SI.02,Malawi,MWI,..,..,..,..,..,7.2717117,10.29958,8.5543332,2.8284353,5.0630775,5.425447,..
Bank non-performing loans to gross loans (%),GFDD.SI.02,Malaysia,MYS,..,15.4,2.0158431,1.8491466,1.6457855,1.6068283,1.6142683,1.5491872,1.468191,1.5161209,1.5671267,..
Bank non-performing loans to gross loans (%),GFDD.SI.02,Maldives,MDV,..,..,20.924697,17.567835,17.476878,14.058106,10.630476,10.454729,8.8962478,9.3916101,8.2773701,..
Bank non-performing loans to gross loans (%),GFDD.SI.02,Mali,MLI,..,..,..,..,..,..,..,..,..,..,..,..
Bank non-performing loans to gross loans (%),GFDD.SI.02,Malta,MLT,..,..,7.7519804,8.9479479,8.8297769,7.0979511,5.2946919,4.0699502,3.3552893,3.208181,3.6629304,..
Bank non-performing loans to gross loans (%),GFDD.SI.02,Marshall Islands,MHL,..,..,..,..,..,..,..,..,..,..,..,..
Bank non-performing loans to gross loans (%),GFDD.SI.02,Mauritania,MRT,..,..,25.700001,20.4,23.9,27.6,..,..,..,..,..,..
Bank non-performing loans to gross loans (%),GFDD.SI.02,Mauritius,MUS,..,..,3.637079,4.1503724,4.9197506,7.1953208,7.7566016,7.0294704,6.5213044,4.9403213,6.2057092,..
Bank non-performing loans to gross loans (%),GFDD.SI.02,Mexico,MEX,..,5.8000002,2.444161,3.2431985,3.0367384,2.5232119,2.0874783,2.0898729,2.050854,2.0904559,2.4291992,..
Bank non-performing loans to gross loans (%),GFDD.SI.02,"Micronesia, Fed. Sts.",FSM,..,..,..,..,..,..,..,..,..,..,..,..
Bank non-performing loans to gross loans (%),GFDD.SI.02,Moldova,MDA,..,20.6,14.499594,11.577375,11.728964,9.9471425,16.405152,18.377209,12.491704,8.491076,7.3816165,..
Bank non-performing loans to gross loans (%),GFDD.SI.02,Monaco,MCO,..,..,..,..,..,..,..,..,..,..,..,..
Bank non-performing loans to gross loans (%),GFDD.SI.02,Mongolia,MNG,..,..,..,..,..,..,..,..,..,..,..,..
Bank non-performing loans to gross loans (%),GFDD.SI.02,Montenegro,MNE,..,..,..,..,..,..,..,..,..,..,..,..
Bank non-performing loans to gross loans (%),GFDD.SI.02,Morocco,MAR,..,17.5,5,5.9000001,6.9000001,..,..,..,..,..,..,..
Bank non-performing loans to gross loans (%),GFDD.SI.02,Mozambique,MOZ,..,17.799999,3.2,2.3,3.2,4.3000002,..,..,..,..,..,..
Bank non-performing loans to gross loans (%),GFDD.SI.02,Myanmar,MMR,..,..,..,..,..,..,..,..,..,..,..,..
Bank non-performing loans to gross loans (%),GFDD.SI.02,Namibia,NAM,..,..,1.3373516,1.2855614,1.4533408,1.5516954,1.5445492,2.5855726,3.5791729,4.5649249,6.393323,..
Bank non-performing loans to gross loans (%),GFDD.SI.02,Nauru,NRU,..,..,..,..,..,..,..,..,..,..,..,..
Bank non-performing loans to gross loans (%),GFDD.SI.02,Nepal,NPL,..,..,..,..,..,..,1.6843366,1.6990855,1.5623784,1.6610359,1.6772167,..
Bank non-performing loans to gross loans (%),GFDD.SI.02,Netherlands,NLD,..,1.8,3.0978443,3.2271689,2.9826622,2.7119847,2.5405274,2.3054271,1.9598815,1.8562873,1.8877411,..
Bank non-performing loans to gross loans (%),GFDD.SI.02,New Caledonia,NCL,..,..,..,..,..,..,..,..,..,..,..,..
Bank non-performing loans to gross loans (%),GFDD.SI.02,New Zealand,NZL,..,..,1.4,1,0.80000001,0.5,..,..,..,..,..,..
Bank non-performing loans to gross loans (%),GFDD.SI.02,Nicaragua,NIC,..,5.1999998,..,..,..,..,..,..,..,..,..,..
Bank non-performing loans to gross loans (%),GFDD.SI.02,Niger,NER,..,..,..,..,..,..,..,..,..,..,..,..
Bank non-performing loans to gross loans (%),GFDD.SI.02,Nigeria,NGA,..,22.6,3.7052249,3.3933912,2.9595384,4.8608856,12.815064,14.80963,11.674526,6.0583903,6.0245155,..
Bank non-performing loans to gross loans (%),GFDD.SI.02,North Macedonia,MKD,..,..,10.112397,10.939568,10.805913,10.31445,6.2866141,6.0984446,5.036093,4.6247113,3.2612956,..
Bank non-performing loans to gross loans (%),GFDD.SI.02,Norway,NOR,..,1.2,1.5121576,1.3387267,1.1308879,1.0533756,1.1847304,1.0004036,0.74642785,0.80113169,0.73607419,..
Bank non-performing loans to gross loans (%),GFDD.SI.02,Oman,OMN,..,..,2.0999999,2,1.9400001,1.8,..,..,..,..,..,..
Bank non-performing loans to gross loans (%),GFDD.SI.02,Pakistan,PAK,..,19.5,14.470926,12.986887,12.265792,11.358884,10.055843,8.4294895,7.9737147,8.5820238,9.1857912,..
Bank non-performing loans to gross loans (%),GFDD.SI.02,Palau,PLW,..,..,..,..,..,..,..,..,..,..,..,..
Bank non-performing loans to gross loans (%),GFDD.SI.02,Panama,PAN,..,1.4,0.69559421,0.74627178,0.92792404,1.0088154,1.2559581,1.4209861,1.7427433,1.9552546,2.0134018,..
Bank non-performing loans to gross loans (%),GFDD.SI.02,Papua New Guinea,PNG,..,..,..,..,..,..,..,..,..,..,..,..
Bank non-performing loans to gross loans (%),GFDD.SI.02,Paraguay,PRY,..,..,2.2168881,2.1314975,1.9904704,2.5937945,2.9414017,2.8115143,2.5120218,2.557864,2.4100264,..
Bank non-performing loans to gross loans (%),GFDD.SI.02,Peru,PER,..,..,3.2333209,3.5029433,3.953459,3.9254859,4.2923165,4.6950252,3.2710496,3.3659945,4.1276086,..
Bank non-performing loans to gross loans (%),GFDD.SI.02,Philippines,PHL,..,24,2.2228948,2.4408645,2.0246867,1.8854782,1.7158481,1.5793112,1.6736361,1.9742842,3.5319585,..
Bank non-performing loans to gross loans (%),GFDD.SI.02,Poland,POL,..,15.5,5.2020398,4.9779123,4.8238192,4.341512,4.0463587,3.9442707,3.8535116,3.8005387,3.6990709,..
Bank non-performing loans to gross loans (%),GFDD.SI.02,Portugal,PRT,..,2.2,9.7440112,10.617044,11.905709,17.475879,17.184418,13.266689,9.4287227,6.182675,4.8588402,..
Bank non-performing loans to gross loans (%),GFDD.SI.02,Puerto Rico,PRI,..,..,..,..,..,..,..,..,..,..,..,..
Bank non-performing loans to gross loans (%),GFDD.SI.02,Qatar,QAT,..,..,1.7,1.9,1.7,1.6,..,..,..,..,..,..
Bank non-performing loans to gross loans (%),GFDD.SI.02,Romania,ROU,..,..,18.237445,21.872975,13.937696,13.506219,9.6215652,6.4118941,4.9565459,4.0854798,3.8332421,..
Bank non-performing loans to gross loans (%),GFDD.SI.02,Russian Federation,RUS,..,7.6999998,6.0266464,6.0006913,6.7309646,8.3472324,9.444737,10.001412,10.123598,9.2891021,8.7605155,..
Bank non-performing loans to gross loans (%),GFDD.SI.02,Rwanda,RWA,..,..,5.1062103,5.9327651,5.2237264,5.9061271,7.6168375,7.2249359,5.8113029,4.3815274,4.3728554,..
Bank non-performing loans to gross loans (%),GFDD.SI.02,Samoa,WSM,..,..,5.2,5.8,6.9,5.3,3.724058,5.28,3.6041615,3.9524876,2.9047599,..
Bank non-performing loans to gross loans (%),GFDD.SI.02,San Marino,SMR,..,..,..,..,..,..,..,..,..,..,..,..
Bank non-performing loans to gross loans (%),GFDD.SI.02,São Tomé and Principe,STP,..,..,..,..,..,..,..,..,..,..,..,..
Bank non-performing loans to gross loans (%),GFDD.SI.02,Saudi Arabia,SAU,..,10.4,1.6697937,1.3068388,1.0803381,1.2369869,1.383359,1.6136491,1.9523179,1.8583904,2.1829055,..
Bank non-performing loans to gross loans (%),GFDD.SI.02,Senegal,SEN,..,18.1,18.389999,19.1,20.799999,18.799999,..,..,..,..,..,..
Bank non-performing loans to gross loans (%),GFDD.SI.02,Serbia,SRB,..,..,18.6,21.370001,21.540001,21.58,..,..,..,..,..,..
Bank non-performing loans to gross loans (%),GFDD.SI.02,Seychelles,SYC,..,..,9.0088717,9.2214767,7.98988,7.5875243,6.7521847,8.122551,4.4310361,3.4904045,3.265799,..
Bank non-performing loans to gross loans (%),GFDD.SI.02,Sierra Leone,SLE,..,37.900002,14.74,22.42,33.439999,31.73,..,..,..,..,..,..
Bank non-performing loans to gross loans (%),GFDD.SI.02,Singapore,SGP,..,3.4000001,1.0426281,0.86694161,0.75653286,0.92406291,1.2225331,1.4002009,1.3095179,1.3064222,..,..
Bank non-performing loans to gross loans (%),GFDD.SI.02,Sint Maarten (Dutch part),SXM,..,..,..,..,..,..,..,..,..,..,..,..
Bank non-performing loans to gross loans (%),GFDD.SI.02,Slovak Republic,SVK,..,13.7,5.2225106,5.1393756,5.3468933,4.8708718,4.4436613,3.701005,3.0775617,2.8711831,2.5300127,..
Bank non-performing loans to gross loans (%),GFDD.SI.02,Slovenia,SVN,..,6.5,15.180077,13.311325,11.731928,9.9621152,5.0713769,3.2036345,6.0092175,3.3647727,3.017635,..
Bank non-performing loans to gross loans (%),GFDD.SI.02,Solomon Islands,SLB,..,..,3.5807796,7.046023,4.6885028,4.1344975,3.8466206,6.3732571,7.1253316,10.414261,10.785215,..
Bank non-performing loans to gross loans (%),GFDD.SI.02,Somalia,SOM,..,..,..,..,..,..,..,..,..,..,..,..
Bank non-performing loans to gross loans (%),GFDD.SI.02,South Africa,ZAF,..,..,4.0428918,3.6412867,3.2448467,3.1216856,2.8578079,2.842,3.7280208,3.8923904,5.1802833,..
Bank non-performing loans to gross loans (%),GFDD.SI.02,South Sudan,SSD,..,..,11.8,8.3999996,7.9000001,5.0999999,..,..,..,..,..,..
Bank non-performing loans to gross loans (%),GFDD.SI.02,Spain,ESP,..,1.2,7.4839036,9.3807296,8.4527823,6.1623766,5.6352576,4.4612021,3.686425,3.1528272,2.8512267,..
Bank non-performing loans to gross loans (%),GFDD.SI.02,Sri Lanka,LKA,..,..,3.6275833,5.5750579,4.2342145,3.2407703,2.633811,2.4984326,3.4204198,4.699183,4.928275,..
Bank non-performing loans to gross loans (%),GFDD.SI.02,St. Kitts and Nevis,KNA,..,..,..,..,..,..,..,..,..,..,..,..
Bank non-performing loans to gross loans (%),GFDD.SI.02,St. Lucia,LCA,..,..,..,..,..,..,..,..,..,..,..,..
Bank non-performing loans to gross loans (%),GFDD.SI.02,St. Vincent and the Grenadines,VCT,..,..,7.4499998,8.3000002,9.9799995,9.5900002,..,..,..,..,..,..
Bank non-performing loans to gross loans (%),GFDD.SI.02,Sudan,SDN,..,..,..,..,..,..,..,..,..,..,..,..
Bank non-performing loans to gross loans (%),GFDD.SI.02,Suriname,SUR,..,..,..,..,..,..,..,..,..,..,..,..
Bank non-performing loans to gross loans (%),GFDD.SI.02,Sweden,SWE,..,1.6,0.70006165,0.61438779,1.2383675,1.1651058,1.0645907,1.1197808,0.49490867,0.5813252,0.51336145,..
Bank non-performing loans to gross loans (%),GFDD.SI.02,Switzerland,CHE,..,4.0999999,0.79455582,0.77605231,0.72426368,0.74951998,0.74172382,0.63926588,0.66197385,0.64549257,0.74881232,..
Bank non-performing loans to gross loans (%),GFDD.SI.02,Syrian Arab Republic,SYR,..,..,..,..,..,..,..,..,..,..,..,..
Bank non-performing loans to gross loans (%),GFDD.SI.02,"Taiwan, China",TWN,..,..,..,..,..,..,..,..,..,..,..,..
Bank non-performing loans to gross loans (%),GFDD.SI.02,Tajikistan,TJK,..,..,9.4640399,13.183476,20.38939,19.056508,..,..,..,..,..,..
Bank non-performing loans to gross loans (%),GFDD.SI.02,Tanzania,TZA,..,..,6.4018855,5.1151449,6.5839847,8.5825027,9.6080995,11.523562,9.9300908,9.6137167,8.6967719,..
Bank non-performing loans to gross loans (%),GFDD.SI.02,Thailand,THA,..,17.700001,2.4301868,2.3038271,2.305233,2.6828309,2.9856961,3.0708021,3.0839449,3.1302718,3.23,..
Bank non-performing loans to gross loans (%),GFDD.SI.02,Timor-Leste,TLS,..,..,..,..,..,..,..,..,..,..,..,..
Bank non-performing loans to gross loans (%),GFDD.SI.02,Togo,TGO,..,..,..,..,..,..,..,..,..,..,..,..
Bank non-performing loans to gross loans (%),GFDD.SI.02,Tonga,TON,..,..,14.37318,10.605719,10.478136,7.7122054,4.2969169,3.6832709,3.5831115,3.2197609,3.6535513,..
Bank non-performing loans to gross loans (%),GFDD.SI.02,Trinidad and Tobago,TTO,..,..,5.3242329,4.1839651,4.060297,3.4092237,3.1250053,2.8722176,3.04,2.9038701,3.1975737,..
Bank non-performing loans to gross loans (%),GFDD.SI.02,Tunisia,TUN,..,21.6,12.8,14.5,13.8,14.5,..,..,..,..,..,..
Bank non-performing loans to gross loans (%),GFDD.SI.02,Turkey,TUR,..,9.1999998,2.7433676,2.636271,2.7418313,2.9877233,3.1096837,2.8427137,3.686909,5.0229493,3.8900924,..
Bank non-performing loans to gross loans (%),GFDD.SI.02,Turkmenistan,TKM,..,..,0.01,0.01,0.01,..,..,..,..,..,..,..
Bank non-performing loans to gross loans (%),GFDD.SI.02,Turks and Caicos Islands,TCA,..,..,..,..,..,..,..,..,..,..,..,..
Bank non-performing loans to gross loans (%),GFDD.SI.02,Tuvalu,TUV,..,..,..,..,..,..,..,..,..,..,..,..
Bank non-performing loans to gross loans (%),GFDD.SI.02,Uganda,UGA,..,9.8000002,4.0558491,5.7568891,4.0105966,5.1269555,10.401311,5.5057768,3.3356999,4.7499796,5.2158675,..
Bank non-performing loans to gross loans (%),GFDD.SI.02,Ukraine,UKR,..,29.6,16.54233,12.886139,18.984423,28.034771,30.46827,54.541296,52.847577,48.358511,41.004096,..
Bank non-performing loans to gross loans (%),GFDD.SI.02,United Arab Emirates,ARE,..,12.7,7.1296518,6.655646,5.63672,5.0270812,5.0718334,5.2952865,5.6104365,6.457488,8.1549577,..
Bank non-performing loans to gross loans (%),GFDD.SI.02,United Kingdom,GBR,..,2.5,3.586284,3.1117417,1.6543925,1.0145085,0.94016128,0.73465975,1.0726275,1.079504,1.2156648,..
Bank non-performing loans to gross loans (%),GFDD.SI.02,United States,USA,..,1.1,3.3172916,2.4523912,1.8507118,1.4734265,1.3205222,1.1268242,0.91316153,0.85525196,1.0653691,..
Bank non-performing loans to gross loans (%),GFDD.SI.02,Uruguay,URY,..,..,1.3254759,1.2769421,1.2778221,1.598175,2.3158618,2.371681,2.2553221,1.9542612,1.6326289,..
Bank non-performing loans to gross loans (%),GFDD.SI.02,Uzbekistan,UZB,..,..,3.0532835,2.8167003,2.0968703,1.4624146,0.74408668,1.1978075,1.2787164,1.4978135,2.0606532,..
Bank non-performing loans to gross loans (%),GFDD.SI.02,Vanuatu,VUT,..,..,7.8267853,14.104395,10.726512,12.26699,10.809888,15.045226,16.06174,..,..,..
Bank non-performing loans to gross loans (%),GFDD.SI.02,"Venezuela, RB",VEN,..,6.5999999,0.89999998,0.69999999,0.83999997,..,..,..,..,..,..,..
Bank non-performing loans to gross loans (%),GFDD.SI.02,Vietnam,VNM,..,..,3.4379102,3.1070726,2.935108,2.3384992,2.28,1.8249812,1.8042137,1.5011269,..,..
Bank non-performing loans to gross loans (%),GFDD.SI.02,Virgin Islands (U.S.),VIR,..,..,..,..,..,..,..,..,..,..,..,..
Bank non-performing loans to gross loans (%),GFDD.SI.02,West Bank and Gaza,PSE,..,..,..,..,..,..,..,..,..,..,..,..
Bank non-performing loans to gross loans (%),GFDD.SI.02,"Yemen, Rep.",YEM,..,..,25.5,21.700001,24.700001,..,..,..,..,..,..,..
Bank non-performing loans to gross loans (%),GFDD.SI.02,Zambia,ZMB,..,..,8.1053913,6.9583623,6.1043178,7.2792101,9.6649441,11.983703,10.951198,8.9072779,11.630566,..
Bank non-performing loans to gross loans (%),GFDD.SI.02,Zimbabwe,ZWE,..,..,..,..,..,..,..,..,..,..,..,..
,,,,,,,,,,,,,,,
,,,,,,,,,,,,,,,
,,,,,,,,,,,,,,,
Data from database: Global Financial Development,,,,,,,,,,,,,,,
Last Updated: 09/23/2022,,,,,,,,,,,,,,,
Code,Indicator Name,Short definition,Long definition,Source,Topic
GFDD.SI.02,Bank nonperforming loans to gross loans (%),"Ratio of defaulting loans (payments of interest and principal past due by 90 days or more) to total gross loans (total value of loan portfolio). The loan amount recorded as nonperforming includes the gross value of the loan as recorded on the balance sheet, not just the amount that is overdue.","Reported by IMF staff. Note that due to differences in national accounting, taxation, and supervisory regimes, these data are not strictly comparable across countries.","Financial Soundness Indicators Database (fsi.imf.org), International Monetary Fund (IMF)",Stability
